Accession,target,predict,P(Asia),P(C. America),P(C. Europe),P(M. East),P(N. Africa),P(S. Europe),P(Subsaharan Africa),P(UK)
SRR10002237,M. East,M. East,0.002059773131909888,0.0007632577924747825,0.02971050676997298,0.6388320830651498,0.04647763164736541,0.22791704029745208,0.0011095279624602351,0.05313017933321468
SRR10010915,S. Europe,N. Africa,0.008054090554021967,0.0026864646098675236,0.12389043261596137,0.17747365073876212,0.36912838801486575,0.24528198245693542,0.0030116485629560438,0.0704733424466297
SRR10010916,UK,UK,0.05397817963899827,0.012562871304526052,0.1941720052102505,0.08899479027744969,0.11462992442065635,0.22212895062964103,0.017558931283594984,0.29597434723488303
SRR10010917,UK,UK,0.05597428652453971,0.00976932405439924,0.20551842584391,0.08411189086620034,0.12935039731051656,0.20203010727182608,0.017082096662416956,0.2961634714661911
SRR10010918,UK,UK,0.07194582444950132,0.008943846492544651,0.1809581228703042,0.07925405405900782,0.10052637269916243,0.20534349179106307,0.01659242307965207,0.3364358645587644
SRR10010920,UK,M. East,0.2861259689178455,0.07968049262415798,0.07215116156733961,0.2908414941948634,0.08606802218396332,0.061981748246239116,0.045583329753839344,0.07756778251175192
SRR10010924,UK,M. East,0.2861259689178455,0.07968049262415798,0.07215116156733961,0.2908414941948634,0.08606802218396332,0.061981748246239116,0.045583329753839344,0.07756778251175192
SRR10010925,UK,UK,0.054025104802898134,0.012568098550312467,0.19441116505511352,0.08870364817367764,0.11460604010465432,0.22201602329124903,0.01755604275160792,0.2961138772704869
SRR10010926,UK,UK,0.054025104802898134,0.012568098550312467,0.19441116505511352,0.08870364817367764,0.11460604010465432,0.22201602329124903,0.01755604275160792,0.2961138772704869
SRR10010928,UK,UK,0.05616391465712988,0.009660778410732575,0.20718938832357553,0.0847253319763152,0.13001367969483046,0.20357067703343387,0.017219935669526048,0.29145629423445646
SRR10010930,S. Europe,S. Europe,0.047375576017800645,0.007974774907112046,0.15379909873100442,0.06741578613819348,0.14244510835986454,0.3264304943929651,0.016540702585473414,0.23801845886758638
SRR10010935,UK,UK,0.05601673361532614,0.009513120416894484,0.20579863999523323,0.0830600766922712,0.12927084673098135,0.2054754802962115,0.018956357964324592,0.29190874428875757
SRR10017902,M. East,N. Africa,0.008400880810248965,0.0024171403107288458,0.12116838188702798,0.16540263613881134,0.3967478356850596,0.2277280083347407,0.003252847591054728,0.07488226924232795
SRR10017904,UK,UK,0.052712060471592485,0.008585962235629496,0.2043734537338601,0.07665457749978123,0.1331741162204331,0.22612712132138027,0.01652477203943163,0.28184793647789164
SRR10017961,UK,UK,0.05454544991658589,0.010342190089775076,0.2064371172735113,0.08394763137849943,0.12892224942661293,0.20308405783640815,0.0168968436698986,0.2958244604087086
SRR10018910,UK,UK,0.05258481311090038,0.008869246348659196,0.20261760073878035,0.08185646979607449,0.11420153769228604,0.20026195937684804,0.016752843380611136,0.3228555295558403
SRR10018990,UK,UK,0.05597428652453971,0.00976932405439924,0.20551842584391,0.08411189086620034,0.12935039731051656,0.20203010727182608,0.017082096662416956,0.2961634714661911
SRR10018996,UK,UK,0.053125773545529414,0.00889954365514759,0.2037781098749464,0.08167830387812348,0.11977456461450504,0.19852800417563907,0.01700923174994984,0.31720646850615913
SRR10019000,UK,UK,0.05580528454817198,0.009755190082231278,0.2071528946009946,0.0838936136037467,0.1284992778342901,0.20186585690730477,0.017078811004027552,0.295949071419233
SRR10019057,M. East,M. East,2.5788664191310594e-07,8.429036560091055e-06,5.587302927157184e-05,0.9968141088189115,2.199627137031065e-06,3.579029907434274e-05,2.3824009867461155e-05,0.003059517292536246
SRR10019097,UK,UK,0.05394577599293502,0.013406432652734999,0.18919884211807367,0.08833658309207713,0.1140004086842709,0.23109466523950492,0.01748798752647483,0.2925293046939285
SRR10019160,UK,Asia,0.7814544519775347,0.006860592768734864,0.030405875450913094,0.05941817052479949,0.05827937029226767,0.01861100206344508,0.005295555894802961,0.03967498102750214
SRR10019350,UK,UK,0.06218744379313115,0.014716483110172979,0.25138208068820245,0.08911559168476346,0.12429379962459935,0.1709037932462997,0.017141085576932214,0.2702597222758988
SRR10019366,UK,UK,0.036228039070577193,0.014857781318318148,0.18583246858241187,0.07106090786542339,0.0853133022237116,0.27533399716386675,0.024809793481648516,0.30656371029404256
SRR10019743,UK,UK,0.05523044157016561,0.013107966171685956,0.19031852821196074,0.08662605544110451,0.11517316496845875,0.22703682594905536,0.017759094721046517,0.29474792296652247
SRR10031159,UK,UK,0.053548499933614886,0.009362277571904871,0.2037799370062234,0.08816199813264446,0.11874165360291615,0.19671738640134398,0.017408314236386706,0.31227993311496544
SRR10031166,UK,UK,0.051683132952384685,0.010059492543130948,0.19387726652551712,0.07619903046078132,0.12226930903352702,0.208539604480237,0.017831333564738493,0.31954083043968334
SRR10031294,S. Europe,N. Africa,0.007789299313256385,0.002588820045739051,0.1268622971503025,0.17695838348827134,0.3559959573891178,0.248959361237733,0.0031388826631636954,0.0777069987124162
SRR10031296,C. Europe,UK,0.060315433546261926,0.010202686979711472,0.20336594972110697,0.08855842988125667,0.14473973906100837,0.21254816351639524,0.01708572809397356,0.2631838692002858
SRR10031299,UK,UK,0.054025104802898134,0.012568098550312467,0.19441116505511352,0.08870364817367764,0.11460604010465432,0.22201602329124903,0.01755604275160792,0.2961138772704869
SRR10036697,UK,UK,0.055968779868379975,0.009651091006981541,0.20588867384874396,0.08733907822876898,0.12389660683170621,0.20390973717297187,0.01698165981761583,0.29636437322483167
SRR10036705,UK,UK,0.05267863217984999,0.008855236662459121,0.20317661661826597,0.08209349179026973,0.11399076551915328,0.1992960909227753,0.01672011727004251,0.32318904903718426
SRR10036709,UK,UK,0.05590641714791835,0.009653104197931788,0.20595878979700616,0.08713543354465014,0.12391987319685989,0.20387995812190995,0.01700040751684356,0.29654601647688017
SRR10036710,Asia,UK,0.1769126854913197,1.92178331902566e-06,0.0001057249775556251,0.0013195416963886592,2.4462251341377948e-06,0.029221091588078205,1.0065069257816908e-05,0.7924265231689467
SRR10049381,UK,UK,0.05824551458204145,0.009736236227756241,0.2074818729719568,0.08534254996649963,0.12808659183172988,0.20251940328972734,0.01723842960589718,0.2913494015243913
SRR10049400,C. Europe,UK,0.09069842497200266,0.010076208069313418,0.1698297702914131,0.06326556509758469,0.10710778303131321,0.2022769089898966,0.037229268902242506,0.31951607064623394
SRR10049401,UK,UK,0.052806411373870384,0.008795947822018127,0.20358097520319685,0.07915879779939655,0.11956805071505819,0.20098232188720172,0.017042632991371643,0.3180648622078865
SRR10049409,M. East,M. East,0.0017502884425810582,0.0006368825180711731,0.025938864822631354,0.7171004419431397,0.03581745605951504,0.17085261083988926,0.0009575356492601706,0.046945919724912195
SRR10049439,M. East,M. East,0.0016239315810337987,0.0006328174514062271,0.024933031785007918,0.733788979612839,0.0332948960309965,0.16130602737252972,0.0009381646123110534,0.04348215155387582
SRR10049441,S. Europe,N. Africa,0.008034571902616456,0.002970028764755764,0.10651123766296018,0.14845692576928338,0.40584863470442295,0.25105147353335233,0.0029670519883625056,0.07416007567424626
SRR10049442,Asia,UK,0.05981032936010476,0.010252999693747562,0.23406340415853552,0.08626136104749155,0.1287734455753046,0.18401416934476847,0.01710918551087406,0.2797151053091736
SRR10053389,UK,UK,0.05609861796019968,0.00965304139771902,0.2069802381764016,0.0846229252497201,0.12981692451524204,0.20384567708158877,0.017235374150325857,0.2917472014688029
SRR10053390,UK,UK,0.05327003789505033,0.008920246074361716,0.205172435001558,0.07981609741236852,0.12018685497118235,0.1970969775292361,0.017501433470963532,0.31803591764527944
SRR10054170,UK,UK,0.07540060763018858,0.009340872983155429,0.21280035487305796,0.07664576080243907,0.13288927835598371,0.19813261415915442,0.01608987015721946,0.2787006410388016
SRR10054197,UK,UK,0.05240832072960727,0.007321816251851489,0.190273840051388,0.07988633356061449,0.11890333702362643,0.20102388049100725,0.017683492231712093,0.332498979660193
SRR10054264,C. Europe,UK,0.06318709153130804,0.010838436609857548,0.18763990715933157,0.08214026645923493,0.11245135074176497,0.21583266871049422,0.018474118038054658,0.309436160749954
SRR10054429,UK,UK,0.07413380709993174,0.008182990869012887,0.1812315409367315,0.07925298446733474,0.10725708507999865,0.19429213802205048,0.016887053756290987,0.33876239976864897
SRR10054491,UK,UK,0.05368757759933203,0.009230997001075138,0.2068242153644781,0.0882519789075171,0.11665778150796818,0.19221576160886766,0.017238084688805493,0.3158936033219564
SRR10054518,UK,M. East,0.0018413626498664998,0.0006284195694770656,0.025820366250632405,0.520868089949403,0.04221929915479948,0.3425921318038389,0.0013889213655526398,0.06464140925642996
SRR10054519,UK,M. East,0.05066388980726732,0.00777775023205212,0.14936717766469368,0.35374011885206574,0.08686525528108055,0.12683567013730604,0.01561675030863283,0.20913338771690168
SRR10054528,Asia,Asia,0.8338604877628522,0.0021214760997972613,0.06650032858095598,0.02447493760283926,0.04346267414008142,0.009245726153951365,0.0019006999658236795,0.01843366969369877
SRR10054606,UK,UK,0.05601996382401635,0.009643516978431447,0.20708481852799474,0.08471662060545082,0.12970881614849072,0.20447723218141792,0.017218343555036167,0.2911306881791617
SRR10054609,UK,UK,0.051120189770806714,0.009752186428386251,0.18795520826096426,0.08200617550490831,0.1185318919078959,0.24505769214097503,0.016591645197059957,0.2889850107890036
SRR10054685,UK,UK,0.07160083376926864,0.008198569188503904,0.18831890506863505,0.07738026914794222,0.1052875284794363,0.20022570611500096,0.01679890398626583,0.33218928424494715
SRR10054690,UK,UK,0.05616391465712988,0.009660778410732575,0.20718938832357553,0.0847253319763152,0.13001367969483046,0.20357067703343387,0.017219935669526048,0.29145629423445646
SRR10062481,UK,UK,0.04609495755469872,0.053589435642668784,0.13830159580827442,0.03717810097231729,0.03996382523790318,0.09008114867216756,0.00874259794048474,0.5860483381714854
SRR10075147,UK,UK,0.05300788093322881,0.0088182031108894,0.2034789645886123,0.07967565718722579,0.1204231040337139,0.19979132383127987,0.01712454337605664,0.3176803229389933
SRR10075149,UK,UK,0.05650856690489373,0.009541185790954577,0.21095858034138168,0.08458822200272385,0.1282818388770279,0.19922388452713324,0.017088489952130626,0.29380923160375433
SRR10075151,UK,UK,0.05650856690489373,0.009541185790954577,0.21095858034138168,0.08458822200272385,0.1282818388770279,0.19922388452713324,0.017088489952130626,0.29380923160375433
SRR10082993,UK,Asia,0.6924899184901562,0.00701694827072687,0.041469620039592606,0.06204109072738292,0.0932073406091439,0.028744272555661705,0.006836249382296576,0.06819455992503926
SRR10082994,C. Europe,C. Europe,0.10783820859506589,0.026310565516550616,0.3511921853088417,0.08985548068698579,0.0831866397620437,0.17156962160690611,0.015157373963409397,0.15488992456019676
SRR10082995,UK,UK,0.055308251765283555,0.009771899570004879,0.20129103691240102,0.083265171267147,0.12209007677015256,0.21223328433331407,0.016721946495134015,0.2993183328865628
SRR10082996,C. Europe,UK,0.05662480208887139,0.01108092920348699,0.22042117417037776,0.07934299487492827,0.1254759379160367,0.19125812771206518,0.016847668646211962,0.29894836538802166
SRR10082997,M. East,M. East,1.3975135450293328e-07,8.162626041642437e-06,5.7766230697053355e-05,0.9959517194837344,1.708401546441586e-06,5.2086379995131866e-05,4.422046771487372e-05,0.003884196658916182
SRR10083519,S. Europe,UK,0.05271699652066945,0.008871889667284855,0.20278103332328984,0.08198915138143185,0.11428335248360462,0.19968391528924567,0.016742344965423216,0.32293131636905054
SRR10083520,S. Europe,S. Europe,0.04772843952326374,0.012449745483529688,0.1708113533450411,0.06582360900342278,0.14474692702537165,0.2697790755220988,0.03121899174609312,0.2574418583511791
SRR10083523,UK,UK,0.052679107154327484,0.008875456654991013,0.20286982316981814,0.081919669910534,0.11432351166135266,0.19981512433522064,0.016758773846443843,0.3227585332673123
SRR10083524,UK,UK,0.04102675790548377,0.01626263499972568,0.18782301469821064,0.07145287877506426,0.09835150837558568,0.2565371692400113,0.023946713151578154,0.3045993228543406
SRR10083525,M. East,UK,0.05650778364103498,0.010083817472665632,0.1873592802810515,0.07526500169809881,0.13165964262454605,0.21184864098199804,0.016808784668862202,0.3104670486317429
SRR10083526,UK,UK,0.07248171475680767,0.008232139034341052,0.17670022026663762,0.07921225060887895,0.10719233255050249,0.20004021423834742,0.01680206711442035,0.3393390614300645
SRR10083527,M. East,M. East,0.002032232556788444,0.0007546548950612541,0.03000619425486128,0.6293693378809245,0.04498356879547421,0.2399101438372704,0.0011270316094000906,0.051816836170219795
SRR10083528,M. East,M. East,2.2200480224700646e-06,4.3091194493839555e-06,0.0004093901500567013,0.9792644705334623,1.4020996026959333e-05,0.0002134590519907889,1.0879452027356837e-05,0.020081250648963864
SRR10083530,M. East,M. East,1.1777628237639026e-07,8.651172027704743e-06,7.075215175981151e-05,0.9957024045628261,1.8930878344956903e-06,6.872708093464341e-05,7.009953769188373e-05,0.0040773546306430005
SRR10083532,UK,UK,0.041053471190166536,0.01644501756087667,0.19101632100590332,0.07172041784834658,0.09860150781805595,0.25215276485346344,0.02406971940759004,0.3049407803155974
SRR10083534,S. Europe,UK,0.055891129852422505,0.009644379004046095,0.20542278679125653,0.08717335538066373,0.12364710070935188,0.2047023017739113,0.016983408735197613,0.2965355377531504
SRR10083535,UK,UK,0.08519749614590445,0.010473019678079325,0.2092448803613887,0.08801577149386909,0.11671018464644498,0.1492244674455421,0.010236956423032224,0.33089722380573916
SRR10118789,C. America,UK,0.055680313616446285,0.009831152976102066,0.20638597045894108,0.08414242718805158,0.12984402768604525,0.2049256441036351,0.017096737055666177,0.29209372691511243
SRR10118809,UK,C. America,0.10879533775394801,0.18675800062616596,0.15716211719231984,0.0839162143707098,0.18524682608464796,0.05871775748357812,0.12854289185859136,0.090860854630039
SRR10118810,UK,UK,0.07159048896496617,0.008157103484209898,0.18729604959513435,0.07695369852040103,0.10479641986177363,0.19919544224386554,0.01670332164120586,0.33530747568844355
SRR10118811,UK,S. Europe,0.05009516945881935,0.008626690920792152,0.18373347995692726,0.06888215012801058,0.11355698474931224,0.2830673978729088,0.01825205994651136,0.27378606696671826
SRR10118816,M. East,N. Africa,0.008169575926910413,0.002673459498730171,0.11548091776775626,0.16181135780702233,0.36909432955634275,0.26162106475143404,0.0034900060841819964,0.07765928860762204
SRR10118817,UK,UK,0.05497331682035668,0.010579658213693164,0.25681581082886334,0.08467146086130684,0.0944124177794136,0.1862128606413384,0.015936553299553943,0.2963979215554741
SRR10118818,UK,UK,0.05300788093322881,0.0088182031108894,0.2034789645886123,0.07967565718722579,0.1204231040337139,0.19979132383127987,0.01712454337605664,0.3176803229389933
SRR10121278,M. East,N. Africa,0.008375848174261501,0.002561573766843988,0.1175931712797396,0.177238907937701,0.39821100148252475,0.2260879251559496,0.003167877102305854,0.06676369510067379
SRR10121279,UK,UK,0.0766181207680918,0.020531600256507656,0.13427690842242282,0.12208941160872684,0.131232533580015,0.222810184621034,0.015958810007445944,0.27648243073575596
SRR10138407,UK,UK,0.056768228131356874,0.00965428792595392,0.20663985553516578,0.08433181321370807,0.12888685790340562,0.20629903961812093,0.017245037559416775,0.29017488011287207
SRR10138410,UK,UK,0.42683928844427,5.172171399233362e-06,3.964684276734436e-05,0.0030028529225378524,6.592423643667404e-07,0.005685079403622594,2.8802675466447848e-06,0.5644244207054921
SRR10138413,UK,UK,0.052679107154327484,0.008875456654991013,0.20286982316981814,0.081919669910534,0.11432351166135266,0.19981512433522064,0.016758773846443843,0.3227585332673123
SRR10138418,UK,UK,0.05777346917780729,0.010235056284513695,0.22822957253200743,0.08684093914804215,0.13247152348712235,0.19012840592637006,0.01691756119915183,0.2774034722449852
SRR10138419,S. Europe,S. Europe,0.04465557156682743,0.01925870734791706,0.1913404507210415,0.07912830727707637,0.11371347688823796,0.2654620414503622,0.02443471317485641,0.26200673157368104
SRR10138421,UK,UK,0.0566759034407105,0.009530781213215742,0.21009014378753668,0.08412744275418077,0.12777205331422348,0.1976912348215079,0.01696917333801039,0.29714326733061436
SRR10139418,N. Africa,N. Africa,0.008095855619370252,0.0025596414858133996,0.1102370967466161,0.15997109446419186,0.42764741095352793,0.22112924766736047,0.003661769166816272,0.06669788389630377
SRR10139419,UK,UK,0.057865528633238225,0.010255994200596547,0.22638775947937864,0.086863458295507,0.1326002309025243,0.19136622184829302,0.01694631637046826,0.2777144902699939
SRR10139420,UK,UK,0.06655368806734048,0.007374175956710408,0.18998035645090547,0.08886268690321837,0.0935119788135359,0.20359594191368224,0.014941259628348722,0.33517991226625843
SRR10198851,UK,UK,0.052679107154327484,0.008875456654991013,0.20286982316981814,0.081919669910534,0.11432351166135266,0.19981512433522064,0.016758773846443843,0.3227585332673123
SRR10212131,M. East,M. East,0.0017149618617045173,0.0006273858202625437,0.025379221654501082,0.7219874644775005,0.034908973821102085,0.16811955164433343,0.0009475229652458172,0.04631491775534986
SRR10212134,C. Europe,UK,0.06257971381337486,0.008950243653786608,0.1932695504162088,0.07931478115268001,0.12362308261298252,0.2474762335469043,0.01794930513359353,0.26683708967046954
SRR10212140,S. Europe,N. Africa,0.007978081174182852,0.0026452588973073583,0.12243600428911612,0.17055371377058073,0.3830339127475518,0.2420498041497103,0.003021200968486607,0.06828202400306421
SRR10212146,UK,M. East,0.0016501864877674073,0.0008835815755150938,0.023764963313481886,0.6662492851562367,0.035166856289288465,0.22481217316327415,0.0009529272325133356,0.04652002678192294
SRR10212148,M. East,M. East,0.0019285811854088354,0.000727054894482715,0.028134164240605695,0.6361355268694605,0.04321486432671905,0.23770597034237376,0.0010803576869431433,0.051073480454006275
SRR10212165,UK,UK,0.056526693911483086,0.009378761955492516,0.20644612653192287,0.0899807740819307,0.12794269988400894,0.20334921372663536,0.018167055811782983,0.2882086740967436
SRR10212166,UK,UK,0.08519749614590445,0.010473019678079325,0.2092448803613887,0.08801577149386909,0.11671018464644498,0.1492244674455421,0.010236956423032224,0.33089722380573916
SRR10212174,UK,UK,0.0766181207680918,0.020531600256507656,0.13427690842242282,0.12208941160872684,0.131232533580015,0.222810184621034,0.015958810007445944,0.27648243073575596
SRR10212179,UK,UK,0.07661812076809192,0.020531600256507663,0.13427690842242293,0.12208941160872712,0.13123253358001463,0.22281018462103402,0.01595881000744595,0.2764824307357559
SRR10212183,UK,UK,0.07674299777922375,0.008550896094941859,0.17883101887288796,0.07735741023710233,0.10708644718944094,0.19996221201497968,0.01697649510655952,0.334492522704864
SRR10212184,UK,UK,0.15836749597435304,0.011885813662375445,0.16667035222356694,0.06688955415529035,0.11442545884763479,0.17705759253318096,0.02877439056690339,0.2759293420366952
SRR10212185,UK,M. East,0.0019224655916032852,0.0007236699257218875,0.02807063614111102,0.6372405281341723,0.04293466382120314,0.23723356187353864,0.0010748918060097916,0.0507995827066399
SRR10212194,Asia,Asia,0.8340052025817682,0.002119529309555529,0.06647546240177046,0.024454234331841778,0.04343875224391561,0.009210182083619154,0.001898298796702962,0.018398338250826183
SRR10212196,C. Europe,N. Africa,0.12399125192045685,0.10400855621991367,0.1976535461518626,0.1355545705100769,0.24579687032304903,0.07674363749316283,0.03578301619542498,0.08046855118605319
SRR10212207,UK,Asia,0.35675090815151067,0.06563712957580944,0.05977397966827962,0.2613081223732713,0.06913221184215045,0.05803946719771186,0.04324025807876297,0.08611792311250363
SRR10212218,UK,UK,0.05566385183052881,0.009537378537444982,0.23433166481974438,0.08060224165598882,0.11705104291935996,0.18358112693372836,0.0164981195331456,0.3027345737700592
SRR10219456,UK,UK,0.053132054201663156,0.008842037250955549,0.2026874410200357,0.08150473274977824,0.11393217993143416,0.20030527074704038,0.01673392107443467,0.32286236302465815
SRR10228110,UK,UK,0.05591567024928238,0.010438303970282455,0.21306019860530806,0.08243104767891482,0.14269630322864868,0.21082887114307283,0.0161076379028412,0.26852196722164956
SRR10228111,UK,UK,0.004974267576043427,0.004482752771786391,0.22120323748909204,0.04381625852211191,0.04580295929120897,0.32292461150731033,0.01625162706495896,0.340544285777488
SRR10228112,UK,UK,0.0788122562590645,0.007901910906909707,0.14114858847953904,0.0538234720711136,0.09997947242501973,0.1952406229831526,0.013848087047874956,0.40924558982732595
SRR10228115,UK,UK,0.04526956816325119,0.011655140566287709,0.16893448644930437,0.0670521443641572,0.10058114765384463,0.2607081481648022,0.02429828075782072,0.32150108388053217
SRR10228118,UK,UK,0.045269568163251256,0.011655140566287699,0.16893448644930448,0.06705214436415723,0.1005811476538443,0.2607081481648019,0.0242982807578207,0.3215010838805323
SRR10228120,S. Europe,Asia,0.41774141304661616,0.0141209213425493,0.10346350770697385,0.13343889091783287,0.16679869998600308,0.05578779443260211,0.006689338105639466,0.10195943446178317
SRR10228123,UK,UK,0.06876405587996992,0.00774274547514708,0.18498114294515047,0.06944546630241968,0.104622777852981,0.19779736123647018,0.01881720254077847,0.3478292477670832
SRR10228125,UK,UK,0.041053471190166536,0.01644501756087667,0.19101632100590332,0.07172041784834658,0.09860150781805595,0.25215276485346344,0.02406971940759004,0.3049407803155974
SRR10228126,M. East,UK,0.05095154391503501,0.008711801428261695,0.1842880782191309,0.07199302523256335,0.10906907983368948,0.2760123365309339,0.01793815301099513,0.28103598182939066
SRR10228129,UK,M. East,0.0020434724052237185,0.0007599785197010381,0.030109458319886564,0.6261854493096333,0.045165428070824666,0.24266976755629993,0.0011364132218270098,0.05193003259660381
SRR10228130,UK,UK,0.05266154817397013,0.008839435090471998,0.20271018561619797,0.0791830721017871,0.1190564676939254,0.19817077245705947,0.01696310993603091,0.32241540893055703
SRR10228139,UK,UK,0.056356267879424264,0.009516801808820483,0.20994511122981258,0.08536449457471539,0.12749064669073193,0.199724186628801,0.01708881393814043,0.2945136772495539
SRR10228144,UK,UK,0.056526693911483086,0.009378761955492516,0.20644612653192287,0.0899807740819307,0.12794269988400894,0.20334921372663536,0.018167055811782983,0.2882086740967436
SRR10228147,M. East,M. East,0.0019285811854088354,0.000727054894482715,0.028134164240605695,0.6361355268694605,0.04321486432671905,0.23770597034237376,0.0010803576869431433,0.051073480454006275
SRR10228157,UK,UK,0.05650856690489373,0.009541185790954577,0.21095858034138168,0.08458822200272385,0.1282818388770279,0.19922388452713324,0.017088489952130626,0.29380923160375433
SRR10228161,UK,Asia,0.472576236773114,0.023642810556817096,0.03642188797903509,0.28701323001702833,0.04941025225220077,0.02821192631178409,0.020946661275044107,0.08177699483497648
SRR10228165,UK,UK,0.056526693911483086,0.009378761955492516,0.20644612653192287,0.0899807740819307,0.12794269988400894,0.20334921372663536,0.018167055811782983,0.2882086740967436
SRR10228166,UK,UK,0.03668575173375433,0.011757805707660943,0.23244010001474905,0.08127977355343301,0.15109679399044287,0.217525539219717,0.01910761379788089,0.25010662198236183
SRR10228170,UK,S. Europe,0.0555153643510911,0.009672192204679726,0.19548341101413436,0.08440055637763998,0.13344353432279546,0.2576995090707523,0.016326730871674616,0.24745870178723245
SRR10228172,UK,UK,0.044838942173976784,0.011381582804508707,0.19680912166788675,0.06458057898238004,0.12105214016074314,0.19199011823912251,0.033375187235931164,0.3359723287354509
SRR10228501,UK,UK,0.052945430972459954,0.008861801682236627,0.20243241523678612,0.07929977490957563,0.11938817718894904,0.20353807460047624,0.016914758419015102,0.31661956699050126
SRR10228502,C. America,UK,0.05570191420468095,0.009817704824609788,0.20467350180374322,0.08373121320194625,0.12945363898177942,0.2081851327193227,0.017066694310546686,0.29137019995337093
SRR10228505,UK,M. East,0.0019285811854088354,0.000727054894482715,0.028134164240605695,0.6361355268694605,0.04321486432671905,0.23770597034237376,0.0010803576869431433,0.051073480454006275
SRR10228511,UK,M. East,0.001749749899201123,0.000637743708619758,0.026117130160433013,0.7164980274398253,0.03580480581595335,0.1714468654796588,0.0009599774910638767,0.046785700005244776
SRR10228513,UK,UK,0.05616391465712988,0.009660778410732575,0.20718938832357553,0.0847253319763152,0.13001367969483046,0.20357067703343387,0.017219935669526048,0.29145629423445646
SRR10228523,S. Europe,N. Africa,0.006573176039083287,0.0016214801536979853,0.07590092653638533,0.13553818436450363,0.5610624868134637,0.14915838987875588,0.0033086732368098762,0.06683668297730017
SRR10231896,UK,M. East,0.1695221211334433,0.015444598432383445,0.09257733065945233,0.2898767258832852,0.21552137352972203,0.06174035002707457,0.00868152167360303,0.1466359786610361
SRR10231910,UK,UK,0.05600096545181086,0.00966770026093693,0.20711678265592107,0.08470545918223782,0.130561123796199,0.2030410246432836,0.01719609731932069,0.29171084669028996
SRR10231914,UK,UK,0.056713925366229816,0.00930648007938108,0.19602713944350045,0.08077561088020635,0.13373654662189216,0.217050491271475,0.016905717632865302,0.2894840887044498
SRR10231920,UK,C. Europe,0.00018473129020088024,0.0006781009942997654,0.9148869428414813,0.010507713605893055,0.0033150319661602768,0.04292271352170788,0.00614702288033362,0.021357742899923305
SRR10231923,UK,M. East,0.0026868052266757238,0.000641393035681909,0.02919613322879801,0.5102993393185778,0.049141755921055415,0.34202231452142395,0.0014343262820388277,0.06457793246574833
SRR10231927,UK,M. East,0.0020434724052237185,0.0007599785197010381,0.030109458319886564,0.6261854493096333,0.045165428070824666,0.24266976755629993,0.0011364132218270098,0.05193003259660381
SRR10235680,UK,UK,0.05221228965909426,0.008803506061721623,0.20473461299289591,0.07854590101551721,0.1179928415244025,0.20674633025315436,0.017318452867171902,0.31364606562604236
SRR10235681,C. Europe,Asia,0.18982767859770106,0.10459757935507988,0.15201906696106585,0.10050103356343257,0.18525307973959082,0.07510693695434716,0.07272205525615638,0.11997256957262635
SRR10235683,UK,UK,0.056526693911483086,0.009378761955492516,0.20644612653192287,0.0899807740819307,0.12794269988400894,0.20334921372663536,0.018167055811782983,0.2882086740967436
SRR10235684,UK,UK,0.056526693911483086,0.009378761955492516,0.20644612653192287,0.0899807740819307,0.12794269988400894,0.20334921372663536,0.018167055811782983,0.2882086740967436
SRR10235685,UK,UK,0.05510340684259185,0.010277396588311682,0.20650260941164095,0.08291882430225662,0.1302458802675154,0.2115395137831834,0.0170380466234784,0.28637432218102166
SRR10235686,UK,UK,0.04298377644315692,0.02236887507775311,0.19768566916024413,0.0656073458426638,0.09049515322610499,0.25144500141577497,0.026992192661884757,0.30242198617241733
SRR10235687,S. Europe,S. Europe,0.05632232310586729,0.007996692547624046,0.1797736330561043,0.07088995238226434,0.10066033133308873,0.33583538151850595,0.017300516944471274,0.23122116911207405
SRR10235688,C. Europe,UK,0.0628727385169751,0.008913392745088738,0.19236051272257781,0.07978403985216631,0.12294381158985127,0.2477779354998061,0.017937683480948256,0.2674098855925864
SRR10235689,UK,UK,0.06937625583412546,0.007711209002266338,0.18446046707823363,0.06983812049242343,0.10614199774333934,0.19781047415583486,0.018766364790591104,0.3458951109031858
SRR10236629,UK,C. Europe,0.04731508331582474,0.01043279323106693,0.41319746467920465,0.07397911947294274,0.08070547546067414,0.1429867985714586,0.026607994644928863,0.20477527062389939
SRR10236630,UK,UK,0.052964558153290264,0.008889699323233377,0.2042470843299583,0.0797182790177268,0.12004245918731309,0.1996734311634626,0.016988916077828452,0.3174755727471872
SRR10236631,C. Europe,UK,0.054953747654227114,0.008753066636472396,0.19463015565224004,0.08465356552563787,0.12252011973052435,0.21685077307709918,0.020112691123136028,0.297525880600663
SRR10236637,UK,UK,0.0515852127574246,0.008790767279072343,0.19781381963070432,0.0819074707890893,0.12422003834672032,0.20025430553918908,0.016984535222475526,0.3184438504353244
SRR10247128,UK,UK,0.05642468064351052,0.009537408404356523,0.21104224383486977,0.084601623423888,0.12826570621202193,0.19935240512661595,0.01711340645369695,0.29366252590104025
SRR10247132,UK,UK,0.05164237527753519,0.008786205079908193,0.19772499616667225,0.08180963470897837,0.12416490897814798,0.2001447910825751,0.01699948665673633,0.31872760204944656
SRR10247133,S. Europe,UK,0.043086683843473826,0.011956146255086342,0.22399543223577265,0.07541557645248699,0.14789012317564107,0.22061746545999508,0.02210503408530185,0.25493353849224226
SRR10247135,UK,UK,0.051438959003244564,0.008767069892079362,0.1968358565276156,0.08264753517850393,0.12343656276770543,0.2007290056283865,0.016982472279957195,0.3191625387225074
SRR10247136,N. Africa,UK,0.0597514696660855,0.010115460937896477,0.201934952238078,0.08768803724458377,0.15269731716679544,0.20997028781777186,0.017163308260363552,0.2606791666684254
SRR10247140,UK,UK,0.06876405587996992,0.00774274547514708,0.18498114294515047,0.06944546630241968,0.104622777852981,0.19779736123647018,0.01881720254077847,0.3478292477670832
SRR10247296,S. Europe,S. Europe,0.04285327684281285,0.02320682268340766,0.1665970972167004,0.07645721154554291,0.10421933250989124,0.3370257801348989,0.023261490392234258,0.22637898867451187
SRR10247297,S. Europe,N. Africa,0.04761820905902717,0.008488833054053646,0.15472748544718717,0.06581207049761101,0.25292725952910444,0.2265949645836368,0.01992520491977297,0.22390597290960673
SRR10247301,N. Africa,UK,0.055326265144141566,0.009997933809669903,0.20698200429132715,0.09182000902523658,0.14439079335541952,0.2177301414696966,0.01813980193801333,0.2556130509664954
SRR10247322,UK,UK,0.05616391465712988,0.009660778410732575,0.20718938832357553,0.0847253319763152,0.13001367969483046,0.20357067703343387,0.017219935669526048,0.29145629423445646
SRR10247342,UK,Asia,0.34333900628923464,0.06767228018026755,0.05732618088481488,0.27546799345324,0.0668188671371204,0.05764682065310171,0.0454637058313519,0.08626514557086899
SRR10247347,UK,UK,0.07881225625906463,0.007901910906909702,0.14114858847953912,0.053823472071113695,0.09997947242501957,0.1952406229831526,0.013848087047874963,0.4092455898273256
SRR10247349,UK,Asia,0.5541275915623406,0.03295731391135878,0.04720797542963397,0.0649594490238938,0.09349725441761948,0.0433857356783256,0.013325790621991962,0.15053888935483561
SRR10269130,UK,UK,0.0414793841268317,0.017708909517878645,0.19314732734953552,0.07945440992347076,0.1058881985978008,0.2595283781970493,0.025790692592237048,0.2770026996951962
SRR10269131,UK,UK,0.04311837898788935,0.025720465449210028,0.1830937136438072,0.053846177502699585,0.11184468079625623,0.1834312219343841,0.030877950147805974,0.3680674115379475
SRR10269516,UK,UK,0.0521022870793861,0.008807402417267308,0.2023107063062836,0.07966179672355131,0.11702536240470489,0.19756606198844648,0.01696462402114365,0.3255617590592167
SRR10270581,S. Europe,Asia,0.4203254654586927,0.014055597804796604,0.10294519168751691,0.1328653835017014,0.16607810999631437,0.05562209350906169,0.0066751783194846995,0.10143297972243161
SRR10271364,UK,UK,0.052964558153290264,0.008889699323233377,0.2042470843299583,0.0797182790177268,0.12004245918731309,0.1996734311634626,0.016988916077828452,0.3174755727471872
SRR10271365,UK,M. East,0.001714560269526942,0.0006277373269672201,0.025384619509867704,0.7214943965842199,0.03500265656730713,0.16844617303628434,0.0009496354557581702,0.04638022125006855
SRR10271368,N. Africa,N. Africa,0.033626798207087784,0.008337525603156157,0.10727786318936826,0.03742915531531785,0.5444906148582281,0.09144440667343597,0.023571349802259448,0.1538222863511464
SRR10271370,UK,UK,0.042266533187502855,0.017870963503210022,0.19411710452124076,0.07983756589296157,0.10594413803795225,0.2582493834962395,0.02581718543294364,0.27589712592794935
SRR10294270,M. East,M. East,1.0932615951088165e-06,1.3815736032300033e-05,6.400893540307344e-05,0.9816829055213847,3.6956121585292127e-06,0.0001484242570852004,0.00010395692851527501,0.017982099747825695
SRR10294276,UK,UK,0.04152719122563144,0.017779298974825095,0.18585884431462993,0.07778671246767635,0.1104082084716153,0.2647008424975445,0.024576445833896187,0.2773624562141812
SRR8427095,UK,UK,0.055904943612899424,0.015190474361490567,0.16644917416659155,0.07080848347339475,0.08743310248319587,0.25636250251218046,0.024211391602812025,0.3236399277874355
SRR8429818,UK,UK,0.05875476844395464,0.009353430561157608,0.21762959727621747,0.08240603996610506,0.12523382533453667,0.1987052231396814,0.016664439362087113,0.2912526759162599
SRR8437276,UK,C. Europe,0.0003065539083320116,0.0008401545447181354,0.7926017048410475,0.018552949031281685,0.004122908035224093,0.1388826087804354,0.009360292379299171,0.035332828479661994
SRR8438008,Asia,Asia,0.9994449756939601,9.110493690196509e-10,4.5128679589632466e-08,9.556399038326868e-07,1.4703501542696797e-09,1.9439041247008883e-06,2.5880783807754004e-12,0.0005520772493441226
SRR8448205,UK,C. Europe,0.00030534529403923366,0.0008236524831997567,0.794863262210115,0.018271090524081827,0.00394884073850566,0.13776085685651512,0.009276254709199499,0.03475069718434381
SRR8457060,UK,Asia,0.22871687961836973,0.014668078090184384,0.14968354960332933,0.19858120797209214,0.17091181634685604,0.07772622320985786,0.01025996180660659,0.14945228335270394
SRR8466384,Subsaharan Africa,Subsaharan Africa,7.913310264114069e-17,6.810358480090273e-09,2.91155968741708e-10,8.55819129495937e-09,2.4834973150313025e-12,0.002042031069410227,0.9974201804843659,0.0005377727840346733
SRR8478918,UK,UK,0.05597428652453971,0.00976932405439924,0.20551842584391,0.08411189086620034,0.12935039731051656,0.20203010727182608,0.017082096662416956,0.2961634714661911
SRR8489108,UK,UK,0.07610482643768443,0.00915962501798128,0.21705796702060487,0.07793779591943002,0.13993184158190347,0.19097465093984872,0.016575079744653613,0.2722582133378936
SRR8489142,UK,M. East,1.920173519399044e-06,3.7248648382971517e-06,0.0003386727841315844,0.9705960308192257,1.9439550389798205e-05,0.0003819390336387935,1.3560269712744106e-05,0.028644712504543677
SRR8497505,UK,UK,0.048033868358167246,0.019605346347742022,0.21076296437937037,0.08028035922317028,0.11210950933146172,0.24343954935882178,0.024109380536578344,0.2616590224646882
SRR8508344,N. Africa,N. Africa,0.0366355874875642,0.006139697565457067,0.10050684681986112,0.04386695670368142,0.5560780816619073,0.10318019207856269,0.011472332253814745,0.1421203054291514
SRR8523766,UK,N. Africa,0.009956257748518965,0.003807597296044942,0.06926753691174166,0.051994248063130605,0.40060382806463335,0.3304663362805634,0.002744264498037385,0.1311599311373298
SRR8546987,UK,S. Europe,0.006833165536932566,0.001786515261493571,0.016480405972940797,0.0039941932962920075,0.39977115862682583,0.4240144480625958,0.0039456906056268915,0.1431744226372925
SRR8547392,UK,S. Europe,0.01098755798249024,0.0015775412353140558,0.03317599896371697,0.012195112376013274,0.26478195760083606,0.5003423976865189,0.00386144395178835,0.17307799020332215
SRR8547394,UK,UK,0.06025513836403818,0.013275904610416491,0.21595733927960936,0.08756212716545195,0.11453318654767601,0.18246574017849534,0.01625848111780777,0.3096920827365049
SRR8553838,UK,UK,0.0560094203546386,0.009640451826154625,0.20668182587862508,0.08473511458871515,0.13022400732078152,0.20406369733555904,0.0171649893165734,0.29148049337895254
SRR8558498,UK,UK,0.052830206604921985,0.008853540582919282,0.19974039934100965,0.08011722052556175,0.11927815583491098,0.20204708969795582,0.016980645804060175,0.32015274160866036
SRR8558503,S. Europe,UK,0.0594840382435449,0.010142072539141476,0.20122911289699832,0.09045911799941447,0.1431549963668184,0.21654940719094223,0.017034870458320087,0.2619463843048201
SRR8558523,UK,UK,0.055392259671038065,0.009603862388596186,0.20656332330339652,0.08440991278665674,0.12933752124534986,0.20273367691925734,0.017316627569950102,0.29464281611575516
SRR8558689,UK,N. Africa,0.03820795116178385,0.006582378936775292,0.10553576632751663,0.046664412140553904,0.5654910836549891,0.09373338045019515,0.011389298882209088,0.13239572844597694
SRR8580036,UK,UK,0.05663480446356184,0.00810732075689895,0.19939463890330486,0.08747194322594003,0.12523139395389946,0.2114325909337478,0.018248287160086207,0.29347902060256087
SRR8588268,UK,N. Africa,0.007994793517881698,0.002582866329385134,0.11345382938661161,0.1553090396297757,0.42488584608678004,0.2242009487452451,0.003114055579336106,0.06845862072498457
SRR8588619,UK,UK,0.07280484024519221,0.008266135885507212,0.17829674407181034,0.07913000289941423,0.10848821759158396,0.19877944046662582,0.01700139616651145,0.3372332226733548
SRR8625005,UK,UK,0.05611214639235929,0.009662458445372273,0.20719954813082464,0.08473727684113791,0.13000103674013763,0.20332639948834494,0.0172570014965943,0.291704132465229
SRR8625006,UK,N. Africa,0.007994793517881698,0.002582866329385134,0.11345382938661161,0.1553090396297757,0.42488584608678004,0.2242009487452451,0.003114055579336106,0.06845862072498457
SRR8656983,Asia,Asia,0.5634744593717067,0.005553226877645944,0.1579935366767599,0.06942228289616055,0.11200453179836642,0.02624145182995456,0.005273504398935679,0.06003700615047029
SRR8656985,UK,N. Africa,0.00770986975121903,0.0025537654859021713,0.11371964488603302,0.154726645307552,0.4253008183522332,0.22369173173008297,0.003085079892367608,0.06921244459460989
SRR8656990,UK,N. Africa,0.03522803227939547,0.00636267702562048,0.1051851730396739,0.04654825757446786,0.5561616139016812,0.09532117969968666,0.01216332346417956,0.14302974301529486
SRR8656994,UK,UK,0.05607659153110714,0.00814478531470459,0.19698275976521662,0.08629605024123457,0.12586193827426054,0.21511303155842093,0.018375179991519178,0.2931496633235364
SRR8656997,C. Europe,UK,0.05093258081208172,0.009584259425399137,0.21269242905379976,0.08801625189044013,0.10066643721745434,0.25263625110204624,0.01776705525790008,0.2677047352408786
SRR8710208,N. Africa,N. Africa,0.03663733663493251,0.006419696440289141,0.10736027434007846,0.046832627790465556,0.5458447572454607,0.09775808065242615,0.01193619824188959,0.14721102865445787
SRR8710725,Asia,Asia,0.7123377288507221,0.006996657971298138,0.03943104286004175,0.061616308272129355,0.08776454226716883,0.02695538306243262,0.006563312609621946,0.058335024106585316
SRR8735008,UK,UK,0.0566029867635365,0.009633834662677417,0.2058982507789853,0.08426079205087221,0.12903391105632883,0.20725839205009036,0.017238229660997015,0.29007360297651225
SRR8735011,Subsaharan Africa,N. Africa,0.07115339797972403,0.13414632918205274,0.1610806320316569,0.08936753717307476,0.2790632728833128,0.07203191015026644,0.1285561862281807,0.06460073437173164
SRR8735013,UK,UK,0.05208463897949147,0.008717241485069768,0.1909627711014897,0.07827805793499282,0.11351305553785368,0.2110761552855281,0.017030584995488467,0.328337494680086
SRR8737840,N. Africa,N. Africa,0.03579526714662421,0.006212726636564086,0.10912911941998113,0.04686556227484243,0.546031203975937,0.09628304558742637,0.012085669155038496,0.14759740580358635
SRR8737847,UK,UK,0.05567520671790875,0.009843117663683931,0.21283667634771522,0.08398372345187255,0.12541043400144852,0.20178042362666349,0.018177474319867798,0.2922929438708398
SRR8740635,UK,Asia,0.9747555480595262,0.0030878013616337536,0.0029109308459348677,0.0082901678887307,0.0016339496860634129,0.0017758464864210427,0.003093258900300872,0.00445249677138928
SRR8766782,UK,UK,0.0560182509505441,0.009636556529187176,0.20636303893277108,0.08458294541132723,0.12946822513926454,0.20473015335442385,0.01719696212688979,0.29200386755559216
SRR8766808,N. Africa,N. Africa,0.036163436779811195,0.00631467569969895,0.10711525049877513,0.04618005173308799,0.552503552868155,0.09510989594438553,0.012014195894942093,0.14459894058114403
SRR8766810,N. Africa,N. Africa,0.03629343706880227,0.00535434958321277,0.09308815072312354,0.03865683610217436,0.6369612290622266,0.07896391156450766,0.00938501798025955,0.10129706791569341
SRR8774280,M. East,M. East,2.2455474353279424e-07,1.1161128124359955e-05,6.36879372788812e-05,0.9955760238171437,1.6708091125259657e-06,3.6804556693953605e-05,2.7735943058649128e-05,0.004282691253844258
SRR8800217,N. Africa,N. Africa,0.03622705464959646,0.006339559176327822,0.10722859971848393,0.046474376350227976,0.5493854681167107,0.09613289284629671,0.01186548326497813,0.14634656587737813
SRR8816160,UK,UK,0.05616391465712988,0.009660778410732575,0.20718938832357553,0.0847253319763152,0.13001367969483046,0.20357067703343387,0.017219935669526048,0.29145629423445646
SRR8832683,N. Africa,N. Africa,0.03638481804980869,0.006362703110987162,0.10787733544712423,0.046289075494406626,0.5497057399496048,0.09596189480424037,0.011894257057065205,0.14552417608676294
SRR8832722,UK,UK,0.054651387273316095,0.009656974599049895,0.20545032130719593,0.08471908221757499,0.12820213634937885,0.20755618506124873,0.017345036114778174,0.29241887707745745
SRR8862634,UK,UK,1.0413141988435287e-06,0.01675553411205768,0.37504453989601183,0.003842628732764661,0.0004400184230500176,0.07747047247375845,0.010550830803579998,0.5158949342445786
SRR8862635,UK,UK,0.052032056761910445,0.008709376202119156,0.19072810464917994,0.07820740872130477,0.11339180405662128,0.2108233489398786,0.017024711895594992,0.3290831887733908
SRR8862637,UK,UK,0.07176010573466986,0.008414845163111738,0.1913689492258827,0.0757015954987208,0.1039558570021305,0.19743317716347247,0.016978824487859062,0.33438664572415283
SRR8862638,UK,UK,0.06856258097930559,0.007735281052340937,0.18588947790848812,0.06932355703177948,0.10496750288965565,0.19636270860985577,0.01939843569439474,0.3477604558341798
SRR8862639,UK,Asia,0.6341104665193614,0.011719546299270288,0.034316527789362554,0.15214908898722063,0.044522179485530375,0.029981684909306777,0.01967125685364707,0.07352924915630088
SRR8863360,UK,UK,0.0553474607339331,0.009632438252494909,0.2060555759790477,0.08295392202616832,0.1304624532231412,0.2041266542174388,0.018006602720905908,0.29341489284687017
SRR8863361,UK,UK,0.05208463897949147,0.008717241485069768,0.1909627711014897,0.07827805793499282,0.11351305553785368,0.2110761552855281,0.017030584995488467,0.328337494680086
SRR8873634,N. Africa,N. Africa,0.03633531123535944,0.006341719648030482,0.10848706156072234,0.04682134918722188,0.5468189076393907,0.09672405252531378,0.012065610991862815,0.14640598721209858
SRR8932523,UK,S. Europe,0.04841388024412788,0.008122206160056182,0.20483386413508875,0.07611089288391709,0.10364722790376732,0.2877995694579774,0.01590410530110353,0.2551682539139618
SRR8956846,S. Europe,UK,0.07355517060439193,0.008276961283526223,0.17815022539339478,0.07923342352436712,0.10854431211034433,0.1984201699129726,0.017010262306730865,0.3368094748642722
SRR8956847,UK,S. Europe,0.05439772479112035,0.03588663320890004,0.2488148834338143,0.05342925991119129,0.050413380600404255,0.37554059488027763,0.009319848928976263,0.17219767424531582
SRR8956848,UK,Asia,0.5840128537457083,0.016038340556180915,0.05057437477248265,0.07497981880474407,0.10129105950232242,0.04496301188781306,0.0134605808073496,0.11467995992339895
SRR8980845,UK,UK,1.7337209915512084e-06,3.053783033274038e-05,0.0013815924481354956,0.0011677652064457586,0.0003452174853535623,0.01930451044564602,0.0031426115105895,0.9746260313525055
SRR9015783,UK,C. Europe,0.1462664392229138,0.02434309891711772,0.2928082670965456,0.1196181439569616,0.08880275723484775,0.14940485589094152,0.016393049360301427,0.16236338832037056
SRR9046644,C. Europe,UK,0.09684315944416326,0.012017659713925224,0.2170266040243028,0.08798484500845165,0.1315610880381225,0.1530529522740399,0.010669485044914698,0.29084420645208
SRR9046645,UK,M. East,0.0020105390223275938,0.0007474427456912742,0.02953854866044221,0.6246300645746767,0.044365158288055324,0.2463022601062784,0.0011418520439697738,0.05126413455855855
SRR9050416,UK,C. Europe,0.13558555754512197,0.02497388545218067,0.2972052591996235,0.086986448356341,0.08903142561175713,0.1698691855558278,0.017656558519449406,0.17869167975969852
SRR9072788,S. Europe,UK,0.05255831610583493,0.008948033647916217,0.1964882904757385,0.07530997270943669,0.10791881852744936,0.21010296174461343,0.01929496664829095,0.3293786401407199
SRR9072789,Subsaharan Africa,Subsaharan Africa,5.024916746191167e-16,9.744903762190752e-09,6.537231159015409e-10,2.01393212798677e-08,6.485155968236771e-12,0.004086030017055922,0.9944277334976503,0.0014862059408600875
SRR9083742,UK,UK,3.0589620951405538e-06,0.0015372769784657932,0.017774087257632576,0.005931441315665015,0.0007523953426353557,0.022763480127838336,0.006131910561723463,0.9451063494539441
SRR9083745,UK,UK,0.05627089307614955,0.009522791734198347,0.21005003594047217,0.08454583730129761,0.12803313976434869,0.19883176629041968,0.017126713878171933,0.29561882201494205
SRR9089365,M. East,M. East,0.05158026133721711,0.007723757047781367,0.14573821839432832,0.3528343987216507,0.0850689366957998,0.12917722714353413,0.015569356527346109,0.2123078441323426
SRR9089369,UK,UK,0.05039157309863537,0.0100952147805837,0.203750110338934,0.09053233511388854,0.10690771370518719,0.23795366362174847,0.016073505318391367,0.2842958840226314
SRR9114815,UK,UK,1.1659010056666534e-07,3.7742327149196675e-05,0.002378946844831412,0.0010397227904025165,9.703777790841173e-06,0.02877472807812823,0.0006598041719889703,0.9670992354196082
SRR9121370,UK,UK,0.05103720509916508,0.010213407300868447,0.20470127836961488,0.09018491034196588,0.10797838081245217,0.23890672974188437,0.016054218679905127,0.280923869654144
SRR9121371,UK,UK,0.05827040634233978,0.009509825729833662,0.21989510347111255,0.08774346500178648,0.1204548974222612,0.20638608628097935,0.01711237564354358,0.28062784010814334
SRR9178552,UK,UK,0.058094793881764785,0.009527898028437386,0.22010043347931013,0.08762398108109855,0.12071137121404411,0.20592412170190147,0.017140266479877327,0.28087713413356624
SRR9178560,UK,UK,3.6376124066052923e-06,0.0014186810461888147,0.01807771078610287,0.002826751283426514,0.0008245088212508504,0.023583014652978417,0.008775455631745142,0.9444902401659008
SRR9178569,UK,UK,0.053004219517642254,0.008763278129547645,0.20574843948074817,0.08183788139294183,0.11268677235129941,0.19638456713747274,0.0166177868539734,0.3249570551363746
SRR9188440,UK,UK,0.05431256185490866,0.008950972070492216,0.20348322101832841,0.07944999520886979,0.11832507267736933,0.19760139052571118,0.016919100379646213,0.32095768626467425
SRR9188442,UK,UK,0.056989732422120486,0.015651799020830758,0.1904495031795215,0.07092205211365402,0.1086366730455762,0.24374140766458066,0.02517234442505032,0.28843648812866596
SRR9211923,N. Africa,N. Africa,0.007177383318176801,0.00224056437227929,0.1075302152525332,0.13961101352225727,0.4455987897242037,0.23982143245689425,0.0032921723381411417,0.054728429015514335
SRR9211924,Asia,Asia,0.39816496694897646,0.05958620659902704,0.057585464307711415,0.2768979989911922,0.06482374024715183,0.043352106998059185,0.03993310689709912,0.059656409010782716
SRR9211925,C. America,C. America,0.1596394599749471,0.1986246674938373,0.12852336617852939,0.11348295912796286,0.18222934120506185,0.06819755537544259,0.07352810280717884,0.07577454783704013
SRR9211926,M. East,UK,0.05244395638234467,0.012788783309032029,0.19257087993718858,0.07820479084828212,0.11252869983043208,0.20322463910329136,0.01620672491125921,0.33203152567817007
SRR9211927,UK,UK,0.0551680628649532,0.0095166081843811,0.2212838137861722,0.0819289906509649,0.12673915678191988,0.19734953582630774,0.01718138914928086,0.2908324427560201
SRR9218085,UK,UK,3.6524715761366103e-06,0.001411254126431668,0.01806613967042067,0.0028119888253984116,0.0008218480648870913,0.02378110706380921,0.008151170468055146,0.9449528393094216
SRR9218290,M. East,UK,0.04641552211805607,0.007012514278659315,0.14331387560932016,0.07124701672912205,0.2220669273862895,0.2020854065629192,0.015952176358147562,0.2919065609574861
SRR9222609,UK,UK,0.05565508627296607,0.009518358610852764,0.22104345642781645,0.08194523008709972,0.12667749556023516,0.1970876998823478,0.017178246963628147,0.29089442619505396
SRR9223000,UK,UK,0.05773838346224479,0.009472005429460528,0.2195122744072495,0.08782746167407872,0.12087742960980732,0.20721188379722208,0.01689194800702213,0.2804686136129149
SRR9258762,UK,UK,0.035854336935821594,0.008351890475382326,0.22643846588843614,0.08091512672982318,0.11637522015279711,0.24962345449144233,0.026363596196482857,0.2560779091298145
SRR9259100,UK,C. Europe,0.04772870769743538,0.00901661208103876,0.3101000794486222,0.06270762627209737,0.14668331783551267,0.13673831430502428,0.014420651075870514,0.2726046912843988
SRR9259101,UK,UK,0.05317993877914757,0.009168195054369764,0.2062950572991323,0.08118100672430746,0.12813421194128657,0.19500064356053962,0.018217539187559303,0.3088234074536574
SRR9259156,M. East,M. East,1.397151689866446e-07,7.240534397358253e-06,5.732905837917491e-05,0.9976348225432637,1.0854549092906156e-06,3.384153309783381e-05,3.0173566665016394e-05,0.002235367594118542
SRR9259420,S. Europe,Asia,0.46447636799364395,0.06662793022388434,0.05420215986386517,0.2373623591464832,0.05495964283201133,0.03398986925405427,0.02091798214682473,0.06746368853923308
SRR9259607,UK,S. Europe,0.017428650393315873,0.005935302469326998,0.15004026765412287,0.060199605086190294,0.10778687279607188,0.42809500484719876,0.03723078221518761,0.1932835145385858
SRR9259712,UK,UK,0.04872318365875453,0.010019376908549057,0.200864045929867,0.07443021346166061,0.13031722239726146,0.21816591348536882,0.020113133506347285,0.2973669106521914
SRR9260323,UK,M. East,0.0029038014174833436,0.0008318616912737778,0.030092531360754828,0.696164326022435,0.05033585843924847,0.16802977092626367,0.0007723714041555565,0.05086947873838524
SRR9260657,UK,UK,0.049664920135040015,0.01233895670147851,0.21101807718497512,0.07119121912062765,0.12422418343535602,0.19754542013537157,0.03360949714213122,0.3004077261450199
SRR9260662,UK,UK,0.048631670415912244,0.00823166870290508,0.21124373563471052,0.07906595545737297,0.10527685518392861,0.2066207474809555,0.01703025779774692,0.323899109326468
SRR9260670,UK,M. East,0.0017341429870174297,0.0006275397255262985,0.025612407372402946,0.7165073653237591,0.0354762753165461,0.17197803831624578,0.0010587064504007995,0.047005524508101415
SRR9260989,UK,UK,3.6396034073074234e-06,0.0014100868605970904,0.018000042991154597,0.0028081050327940175,0.0008204766379795555,0.023566301362705877,0.008106065027689638,0.9452852824836718
SRR9273290,UK,M. East,0.12865177178580509,0.0365210733097286,0.021122812689462898,0.5469118209562341,0.020325580834824233,0.02348741646284208,0.17983859167305846,0.04314093228804461
SRR9304209,UK,M. East,0.12919933855108298,0.03652199283091783,0.021149813560177425,0.5455654425497148,0.02040079914559238,0.023593111323951966,0.18052617318599007,0.043043328852572456
SRR9304211,UK,N. Africa,0.007906378843559199,0.002544612850212643,0.11235204833835519,0.14865854421697206,0.4388286887783008,0.22037016146687033,0.003105082980262508,0.06623448252546735
SRR9304216,M. East,M. East,0.0019443437635895356,0.0006812238124389402,0.02523465748119346,0.7341315750249361,0.03451935872969148,0.16188032285014323,0.0009054576804391362,0.040703060657568096
SRR9306481,Asia,Asia,0.9184087193137438,0.014869784287559938,0.008437768434259805,0.01757598880512768,0.006370759259007933,0.006907605508189956,0.014336193283514612,0.01309318110859623
SRR9306498,UK,C. Europe,0.13173153105496493,0.025896468303993583,0.303983751200361,0.08891397883548428,0.09027224720239764,0.1641534163784838,0.017191369216298096,0.17785723780801665
SRR9307513,UK,UK,0.05428801101090679,0.009908820333492297,0.19776847855908422,0.09299401557886842,0.12504128515868168,0.2085856469857069,0.017477808151075726,0.29393593422218406
SRR9307514,S. Europe,UK,0.041246959187904234,0.008502295128111128,0.19782245558752853,0.07846449489018169,0.11459203648675026,0.1940410046343737,0.0223844648944711,0.34294628919067927
SRR9332769,UK,UK,0.05162734775183802,0.009524937907142607,0.1899462105938128,0.0816437299196274,0.11774309915385438,0.2451164682088577,0.016549201153962686,0.28784900531090435
SRR9335420,UK,M. East,0.12988861650236827,0.03646894918265276,0.021141168929057482,0.5457451804750212,0.020320388708224835,0.02378979540933098,0.17967559944460096,0.04297030134874343
SRR9335426,M. East,M. East,0.002033604344843118,0.000753578178724692,0.030114082984232224,0.6308965708845139,0.04467380813455674,0.23893790382005656,0.0011271929267590835,0.05146325872631378
SRR9335427,UK,UK,0.05240832072960727,0.007321816251851489,0.190273840051388,0.07988633356061449,0.11890333702362643,0.20102388049100725,0.017683492231712093,0.332498979660193
SRR9421320,M. East,M. East,0.0020346351713180244,0.0007557992341193256,0.02992310573258826,0.6294623872655464,0.04484915781892832,0.24012415361514539,0.0011297085864539573,0.05172105257590021
SRR9421367,UK,S. Europe,0.040610925539980955,0.008525747078993827,0.1630495464975807,0.06532537387811892,0.12230145668243497,0.2898942869262757,0.02058882806393517,0.2897038353326797
SRR9421369,UK,UK,0.07270034179475454,0.008259755034082189,0.17876371360404117,0.07908816853819114,0.10876475894077606,0.1989125650124834,0.016997663509096768,0.3365130335665748
SRR9421370,UK,UK,0.04526956816325119,0.011655140566287709,0.16893448644930437,0.0670521443641572,0.10058114765384463,0.2607081481648022,0.02429828075782072,0.32150108388053217
SRR9421384,S. Europe,S. Europe,0.05310375276345857,0.007715215328925935,0.16678850211817006,0.07198793754719612,0.10520615477599672,0.3515227025286095,0.019441338763336327,0.22423439617430674
SRR9421386,S. Europe,M. East,0.0020048693486142124,0.0007114896376182074,0.03042944624768409,0.5972406648159602,0.05467817387807084,0.26631339760771355,0.0011191253152225114,0.0475028331491165
SRR9586535,Asia,Asia,0.9443796055145399,0.0009233779597422649,0.0007884830465097653,0.0100682568550302,0.0006772245878540621,0.006247341370043246,0.0010647566678318918,0.03585095399844847
SRR9586550,M. East,M. East,0.001713284196157454,0.0006252698631675387,0.02552622469802816,0.7231292551960041,0.03475578969050982,0.167200408547943,0.0009450131469099522,0.04610475466128001
SRR9586560,UK,UK,0.05658185923971863,0.009546494252035156,0.2105008316629787,0.08473057202051741,0.1284028905573466,0.199500958308509,0.017087926995269523,0.2936484669636251
SRR9586566,S. Europe,M. East,0.002066333236084058,0.0007536100766380332,0.030697908864954646,0.6294759279667648,0.04476702156975076,0.23863005699490888,0.001132644146478983,0.052476497144419786
SRR9586567,M. East,UK,0.050866801747663705,0.01214350462203874,0.23227818220063626,0.07625644188902737,0.1293503627358269,0.18934646382611017,0.018211254786806675,0.2915469881918901
SRR9586568,UK,UK,0.058094793881764785,0.009527898028437386,0.22010043347931013,0.08762398108109855,0.12071137121404411,0.20592412170190147,0.017140266479877327,0.28087713413356624
SRR9591036,N. Africa,N. Africa,0.03569356380585345,0.006294095267424252,0.10725594741950428,0.046482162430539986,0.5532168241163274,0.095545365350895,0.011799603363309607,0.14371243824614596
SRR9603270,UK,UK,0.061655496427732215,0.00862728611936092,0.1573285615932736,0.07266021235305037,0.12557763352025036,0.20814155472502502,0.017202471360785423,0.3488067839005222
SRR9603365,UK,UK,0.056921785815391056,0.009411479010504625,0.21727984632879146,0.08634519247278948,0.1238286979203775,0.18588624617104219,0.016771208966913583,0.3035555433141901
SRR9613014,UK,UK,0.05629285511387483,0.009692910156357985,0.21168374754617322,0.08424554250709482,0.13074456635009774,0.20101949575837888,0.017215047639817415,0.28910583492820513
SRR9613016,UK,M. East,0.0020618960581368084,0.0007553307704954468,0.030757107130575487,0.6288629903267997,0.0448125288679067,0.23908196977257268,0.0011349016423875377,0.05253327543112554
SRR9613625,M. East,M. East,0.0017132398596946753,0.0006273541410307835,0.02582493773425498,0.7215134562556205,0.034993957571871744,0.16810702602748012,0.0009493012987148096,0.046270727111332205
SRR9613636,N. Africa,N. Africa,0.008081331474516949,0.002552425916936689,0.10795029450565574,0.16096221351140594,0.4254684096096856,0.22404708707452192,0.0036646316744112385,0.06727360623286596
SRR9616418,N. Africa,S. Europe,0.04578429228158815,0.019015476204963733,0.18821280107292307,0.08018741839808581,0.1194358834206016,0.2729777875457597,0.024367361546938863,0.25001897952913904
SRR9616433,UK,M. East,0.0011961738732212026,0.000406951153739983,0.014951610856317781,0.8289173204279214,0.01894758083965208,0.10559659793263483,0.0006291968704468103,0.029354568046065833
SRR9647115,M. East,UK,0.05989035388999694,0.01725068953602791,0.1927777504254025,0.07989169365556979,0.12261058275903652,0.2008494910602366,0.01620602923901825,0.3105234094347116
SRR9647116,UK,S. Europe,0.05380413747660636,0.03774522360753029,0.27608425284794746,0.05895641907642939,0.049903328987814674,0.34646388930674454,0.010018912955140577,0.16702383574178675
SRR9647120,UK,UK,0.0712035784486789,0.008304804812120125,0.18930516681766948,0.07672073674260851,0.10462825537436087,0.19941212715564863,0.016880919649845463,0.333544410999068
SRR9647121,S. Europe,M. East,0.0018939532510597553,0.0007127444627331892,0.0292574775575646,0.6243996215455936,0.043606344594412615,0.2436924620863714,0.0011545755687373206,0.055282820933527474
SRR9647126,UK,C. Europe,0.06288458493815344,0.007400083485582862,0.3921755713908181,0.09201454004586382,0.06800331971744199,0.13689816401751226,0.012845969947046757,0.22777776645758077
SRR9647129,UK,UK,0.05815749872888985,0.009517892797553548,0.2172701651257882,0.08834582408659358,0.1218942572537468,0.2043045048167323,0.01695782897338945,0.28355202821730635
SRR9647277,S. Europe,UK,0.060935145494360736,0.010049578853670655,0.2036381418586083,0.08865929458036047,0.1449829606026828,0.21584528388151542,0.016981319447894043,0.2589082752809077
SRR9649474,M. East,M. East,0.0011962604861309018,0.0004072136812894205,0.014960965153873275,0.8288085343048026,0.01895859804087487,0.10567890331046073,0.0006298345321731051,0.029359690490395208
SRR9649476,N. Africa,M. East,0.00042903026261253307,0.00014883066018838117,0.00520459173967609,0.9333530277648243,0.02393078823973993,0.02179697208893912,0.0009194826940433695,0.01421727654997614
SRR9676000,S. Europe,M. East,0.0019202748234800945,0.000719868086973545,0.029145776990287402,0.6295147323268259,0.042426486461266524,0.23986356720281718,0.00112621887182421,0.05528307523652508
SRR9676011,UK,UK,0.05652794470645425,0.012610534429140414,0.2031271237925271,0.07152602537950731,0.12147891601241272,0.22937903662952025,0.0209265506799103,0.28442386837052774
SRR9676012,S. Europe,UK,0.06210066464670909,0.009879161036319303,0.19622536735023086,0.08515352242841513,0.1423262568230578,0.22658739632811226,0.016700325663109604,0.261027305724046
SRR9678934,UK,M. East,0.002036648104553183,0.0007564019701540363,0.030555636689086535,0.6284577203750764,0.044824581155527,0.24044673209599157,0.0011382324264209898,0.0517840471831903
SRR9678936,UK,UK,0.05276731334864406,0.008840304693231328,0.20229275963598292,0.07873662584458767,0.11926110609798021,0.19943955118055115,0.01689710756440321,0.32176523163461945
SRR9678940,UK,N. Africa,0.008474933629465203,0.0026051808126509725,0.12106908105532443,0.1842340169028317,0.3848472772362057,0.2272284797770175,0.0031606748620924717,0.06838035572441196
SRR9678941,S. Europe,S. Europe,0.03223686481146052,0.008125799589664758,0.12464818490052587,0.06502434646677237,0.08423385920571201,0.4764010202687534,0.03127048835880812,0.17805943639830288
SRR9678942,UK,UK,0.04813531970206228,0.020933039135473338,0.18725259421471743,0.07397001597433313,0.11439266711887068,0.2590784822352479,0.023433466035570207,0.2728044155837251
SRR9678944,UK,UK,0.05832812097513298,0.008745749079881947,0.1916083114829671,0.08408257010537391,0.10733574269537215,0.20200604029327213,0.016664582762327088,0.3312288826056728
SRR9719228,UK,M. East,0.2005832874666749,0.008324274323688251,0.016906636028045985,0.4959548969647716,0.01298465289934816,0.02061389638233502,0.030004037773563245,0.21462831816157288
SRR9719233,N. Africa,N. Africa,0.03638481804980869,0.006362703110987162,0.10787733544712423,0.046289075494406626,0.5497057399496048,0.09596189480424037,0.011894257057065205,0.14552417608676294
SRR9719234,UK,UK,0.04802213750287664,0.021021271129756595,0.190352933682946,0.07185278366328811,0.1105027195099565,0.264392152038012,0.023499458812360065,0.27035654366080414
SRR9719236,UK,S. Europe,0.04397167121627891,0.01866051373540647,0.1831812003712655,0.08120620142706912,0.12058387155375558,0.27819282810764695,0.024036639330367357,0.25016707425821016
SRR9719279,UK,UK,0.07489231279274552,0.020143375514122965,0.13240221017312834,0.124934802160983,0.12490888558149489,0.22489501538563114,0.015846491104920417,0.2819769072869737
SRR9719284,UK,UK,0.04776558691010726,0.021160198496264684,0.19196750398171866,0.07180109585198398,0.11022517181591217,0.26368594187269845,0.023441642642951642,0.2699528584283632
SRR9719288,UK,UK,0.13413267432623047,0.004859344149485971,0.056575878511060114,0.027930917670049665,0.12219848707852124,0.17270667797592557,0.016441635597006097,0.46515438469172093
SRR9719289,UK,UK,0.056526693911483086,0.009378761955492516,0.20644612653192287,0.0899807740819307,0.12794269988400894,0.20334921372663536,0.018167055811782983,0.2882086740967436
SRR9722240,UK,M. East,3.749448091650395e-07,9.47390608034459e-06,7.995788128232592e-05,0.994610952941943,3.78534685725532e-06,6.517849501044624e-05,6.779206926742786e-05,0.005162484414750015
SRR9722241,UK,M. East,0.002034409731071534,0.0007556878190227523,0.029923215453015108,0.6295334310791125,0.04484456363853432,0.2401114354276183,0.0011295281404029352,0.051667728711222466
SRR9722242,UK,UK,0.05306368451957132,0.008867955396713641,0.20323694317119975,0.07912589284197244,0.11944029871339437,0.19788849496637992,0.01686199835937245,0.321514732031396
SRR9722244,M. East,UK,0.0670754705825899,0.013347373731286964,0.21288147485228942,0.17072794869891922,0.10666583315321666,0.15889045402476368,0.01433572391709094,0.2560757210398432
SRR9722245,UK,UK,0.05306368451957132,0.008867955396713641,0.20323694317119975,0.07912589284197244,0.11944029871339437,0.19788849496637992,0.01686199835937245,0.321514732031396
SRR9722246,UK,UK,0.05913012796202345,0.013712579796195981,0.23047291700682448,0.07302986152866014,0.12128940811648234,0.21315185072884946,0.02040848286362749,0.2688047719973367
SRR9722247,S. Europe,M. East,0.0019236930948692901,0.0007199924246181168,0.02918996654656226,0.6299272332310022,0.042428710314381154,0.23967220686060023,0.0011231281255821614,0.055015069402384514
SRR9825571,C. Europe,UK,0.049452980061995985,0.009795209679278919,0.21707553219008657,0.09295591647126013,0.12875000052579869,0.20714031705840924,0.01910742924857542,0.2757226147645949
SRR9825578,UK,M. East,0.0020329770155947417,0.0007543181915481906,0.029859235468500844,0.6293995367074542,0.04505307445270531,0.24009859651351725,0.0011276021016432818,0.05167465954903629
SRR9826944,UK,UK,0.14096479408276957,0.003989808270239723,0.05089215304177751,0.02825217075136626,0.12594051301878012,0.15130670914543085,0.017026963642673528,0.48162688804696246
SRR9826949,M. East,M. East,1.709990182159885e-07,1.3288616766839944e-05,5.933061581255361e-05,0.9960829204643448,1.7097966989432174e-06,4.711613241905579e-05,4.592912060532192e-05,0.003749534254334487
SRR9826952,UK,M. East,2.4043367461077097e-05,5.26961756341347e-06,0.0003948439040152606,0.9312844588454832,1.7341592193384362e-05,0.000438320981413938,1.1855281392438512e-05,0.06782386641047727
SRR9826953,S. Europe,UK,0.05616391465712988,0.009660778410732575,0.20718938832357553,0.0847253319763152,0.13001367969483046,0.20357067703343387,0.017219935669526048,0.29145629423445646
SRR9836709,C. America,UK,0.006416825083059501,0.0020783480718181914,0.033399901696495204,0.09098445239588751,0.008448700853575937,0.07518709920016722,0.060137323183578346,0.7233473495154181
SRR9836889,S. Europe,M. East,0.0019292251686001197,0.000720455785570171,0.029260990508870557,0.6304492504276594,0.042342131827548354,0.23902273444732802,0.0011185225489914838,0.055156689285431895
SRR9836890,UK,UK,0.008003152021407996,0.001543659861753681,0.015221051828650231,0.1368847295541424,0.006116726361092415,0.04010434999004391,0.04081432330653384,0.7513120070763755
SRR9845583,UK,UK,0.05111422031461359,0.010261810325581638,0.20771143976320772,0.08949236040404246,0.1089793110493341,0.23314750288099373,0.016072296826436207,0.2832210584357907
SRR9845590,N. Africa,S. Europe,0.04473954111907695,0.015161438598926994,0.21289468974037612,0.09345841160857347,0.15718033193144187,0.2494635610158342,0.016966706571592327,0.2101353194141782
SRR9849812,S. Europe,UK,0.05548091863926818,0.009638911871093213,0.20630853181372122,0.0845447206496819,0.12981417126385503,0.20604299967775055,0.017345221168617784,0.29082452491601213
SRR9874597,UK,UK,0.07675428281817849,0.02036271017681202,0.12916180154844314,0.12092812443834944,0.12341820004072326,0.2212800209017493,0.015465449419792382,0.2926294106559519
SRR9874598,UK,N. Africa,0.008127861766102305,0.002621251072425065,0.10909420115971895,0.14872969449830586,0.45259761933862963,0.2159911503656157,0.0029676847241136566,0.05987053707508882
SRR9874602,UK,UK,0.0571576836652956,0.010188120752943987,0.20219838400488305,0.08353978074150516,0.11225061815749386,0.20573313789090417,0.01995744036519302,0.3089748344217811
SRR9874786,UK,UK,0.051315550347270394,0.010250887030157283,0.20773662440176452,0.08937933391756157,0.11020780255366455,0.2329963395926165,0.016066626368483303,0.28204683578848194
SRR9874791,UK,UK,0.06194344915219833,0.01076467255974129,0.2092526610091776,0.08588004481264402,0.13833731637162447,0.20617032951810194,0.016894145681713144,0.2707573808947992
SRR9886097,M. East,M. East,0.001423655724116734,0.0008230228367447497,0.0245253427018163,0.594197459218897,0.05018574563912154,0.2811475659555964,0.0015742939133175774,0.04612291401038958
SRR9898691,M. East,M. East,0.0014337802354056415,0.0008268286323085715,0.024758433118241663,0.5934701441423529,0.05048691528747764,0.28113405078375847,0.001576849282204058,0.04631299851825109
SRR9898692,M. East,M. East,1.4768459635507582e-07,8.933351678085781e-06,6.683779808969932e-05,0.9956650443467826,1.7918973021578777e-06,5.323316563492192e-05,4.7441474306005254e-05,0.0041565702816102985
SRR9901741,UK,M. East,0.002030269691775618,0.0007560657399449005,0.03083533424996559,0.6272883030963996,0.04557741505481534,0.2403532800339096,0.001144764334797209,0.0520145677983921
SRR9901806,UK,M. East,0.00012137623513182232,0.05398246879407841,0.0003692557829258457,0.8410136178862465,6.645411962073274e-05,0.005809204690192074,0.040244021867561555,0.0583936006242431
SRR9901870,UK,UK,0.05629522163938404,0.009641634472003799,0.20626066364386728,0.08413488437230134,0.12942171814091172,0.20184481586477362,0.01709924796497793,0.2953018139017803
SRR9901971,UK,UK,0.07653827201608561,0.008659607726169067,0.17875435468391318,0.07748978971507313,0.10648273881324273,0.20155704384651255,0.016920336739641183,0.3335978564593626
SRR9901986,S. Europe,N. Africa,0.008034787105134318,0.0029617783343575386,0.10821970596784837,0.14806637648313137,0.4075739782605605,0.24883341797166456,0.0029882072565139365,0.07332174862078944
SRR9902277,S. Europe,UK,0.057155581199421344,0.009947410063149436,0.20799357508401053,0.07781262363782597,0.11435015925767289,0.20758545851122603,0.02052822302808687,0.3046269692186069
SRR9904134,UK,C. Europe,0.10749855317635132,0.026219278976895046,0.3486531213040823,0.08988756993995844,0.08256970737980115,0.17399081597667934,0.015153992722685387,0.15602696052354692
SRR9904169,UK,UK,0.056001295995563395,0.009653012631832835,0.207319575664242,0.08503786456363757,0.12946680830766993,0.20231518233400103,0.017149055667182635,0.29305720483587056
SRR9904232,S. Europe,UK,0.0559449667681377,0.009636721018704286,0.20568046116610392,0.08435516365206648,0.13084391739044263,0.20661415608055245,0.017182075024569244,0.28974253889942325
SRR9904831,S. Europe,N. Africa,0.0074671503267095835,0.002574952921916901,0.12771140254708815,0.1724721208756817,0.3670840231651186,0.24090378682432229,0.0031631330359086452,0.07862343030325414
SRR9912508,UK,Asia,0.5849358184987387,0.015706884119953368,0.04947124410611838,0.07517763400711179,0.1016319991447197,0.044734347805520006,0.013516242791231965,0.11482582952660612
SRR9942558,M. East,M. East,1.5436923061334284e-06,1.6791447810623614e-05,0.0002435939636930597,0.9776440354867896,1.0965603958508504e-05,0.00013556866660258474,9.32236040801717e-06,0.021938178778431423
SRR9942566,C. America,C. Europe,0.15647789487744565,0.011570607721432632,0.2307759565661708,0.1868297697056075,0.2234150932213469,0.07990046832191885,0.012584702606257325,0.09844550697982048
SRR9942568,UK,UK,0.04951170378482202,0.010472766645429964,0.20639196097724535,0.07782630375702587,0.1302743847552345,0.21466775752423617,0.019033189178518505,0.2918219333774877
SRR9942570,UK,M. East,0.0033431571118812567,0.0007105266036429803,0.02849210635858791,0.603662955357255,0.041397014802200004,0.2706205187727744,0.0012404051400984534,0.05053331585355989
SRR9942571,S. Europe,M. East,0.2788952365397615,0.07766093503462725,0.06311705007381337,0.3083426110932011,0.07564078068453206,0.06906182413807269,0.04806926755666005,0.07921229487933214
SRR9942573,UK,UK,0.056161184378688625,0.009535935436255347,0.21233199682309625,0.08562856818604418,0.12714778940914204,0.20057090845907327,0.017052410172365116,0.2915712071353352
SRR9944892,M. East,M. East,0.0014338869794410804,0.0008249679273953166,0.024633376756249322,0.595146292206238,0.050326131948089575,0.2798822826912498,0.0015702885370412819,0.04618277295429564
SRR9944899,S. Europe,UK,0.055759260299190504,0.009664088402867333,0.20245597941647844,0.08311854126735886,0.1297188910632617,0.20896987135406167,0.01709066768957995,0.29322270050720156
SRR9947468,M. East,M. East,1.2560246000856858e-07,8.798908268912476e-06,7.064645475258929e-05,0.9957086788734459,1.892752452824083e-06,6.888646827737951e-05,6.648807510847963e-05,0.004074482865233864
SRR9947470,M. East,M. East,2.4597988541913063e-07,2.9478495754728196e-06,0.00020476585047593312,0.9927695984833359,4.807634759220549e-06,7.799385098600551e-05,5.350882692611226e-05,0.006886131524055772
SRR9947472,UK,UK,0.0526312017467948,0.00932923141653144,0.20482224759826873,0.07687638450713109,0.12650208517190567,0.20293858440108659,0.02563000283064459,0.30127026232763715
SRR9967757,M. East,M. East,1.2431974425381182e-07,8.8715970880999e-06,6.903331718080696e-05,0.9957265840506095,1.8714128602205488e-06,6.640187385070785e-05,6.496296248142131e-05,0.004062150466185055
SRR9967758,M. East,M. East,1.895397044544981e-06,1.7746010758778094e-05,0.00022940366139956238,0.9789903721517408,1.0585560942945947e-05,0.00010948404894332283,6.667862123418809e-06,0.02063384530704665
SRR9967774,S. Europe,UK,0.05603265397635503,0.00964204691886934,0.2024651467853716,0.08322653738487835,0.12925460246129297,0.20922922439493546,0.017277924792616233,0.2928718632856809
SRR9967775,S. Europe,UK,0.03807806925054521,0.16435905836124168,0.13892398372905637,0.10822697184180291,0.11973847106722246,0.13435993724370562,0.018973392241530378,0.2773401162648953
SRR9967780,M. East,M. East,4.931291299176927e-07,1.1336174345417451e-05,0.00021033452202319763,0.9831150144224015,9.020622217594109e-06,9.594718873091682e-05,3.0904103095706098e-06,0.016554763530841943
SRR9967782,M. East,M. East,1.2842322958349882e-06,1.6082660373270145e-05,0.0002577000822490423,0.9762881132469782,1.1520331475878782e-05,0.000169865122025157,1.317384103186112e-05,0.023242260483570823
SRR9967783,UK,UK,0.04756985735652488,0.008689763686921599,0.21362957025221876,0.08652481957444136,0.09774034924482056,0.25010534688552905,0.015778899281726464,0.27996139371781736
SRR9967785,M. East,M. East,1.8813727925393934e-06,1.771602294706461e-05,0.00022889692364543184,0.9789203510311295,1.0679943905388859e-05,0.00011058387174650449,6.714448296207707e-06,0.020703176385537474
SRR9967787,UK,UK,0.05657192502128286,0.009549727252007522,0.2105892248439949,0.0847535074820335,0.1284434382471728,0.19958457217571482,0.01709963071709781,0.2934079742606959
SRR9967798,S. Europe,S. Europe,0.04756418709672839,0.007969018247299649,0.1539519535070912,0.06713644530103163,0.14349884675033964,0.325149757909567,0.016587990441923314,0.23814180074601915
SRR9967799,UK,UK,0.05561727625113294,0.009717100805820193,0.20488452007658073,0.0836403408129625,0.1292050711708941,0.20222938816287028,0.017062371144578495,0.2976439315751609
SRR9967804,UK,UK,0.05300788093322881,0.0088182031108894,0.2034789645886123,0.07967565718722579,0.1204231040337139,0.19979132383127987,0.01712454337605664,0.3176803229389933
SRR9967809,S. Europe,S. Europe,0.04465557156682743,0.01925870734791706,0.1913404507210415,0.07912830727707637,0.11371347688823796,0.2654620414503622,0.02443471317485641,0.26200673157368104
SRR9973676,UK,UK,0.07382682295018962,0.008103807530851131,0.21704781986402588,0.07288642873437874,0.12925043786579252,0.2001729347203135,0.019854402973762893,0.2788573453606857
SRR9973678,M. East,M. East,1.485763150464417e-07,8.978327947196703e-06,6.738573238373527e-05,0.9956794435723095,1.8024089181777076e-06,5.3170176134664045e-05,4.767610571778424e-05,0.004141395100273843
SRR9973702,UK,UK,0.06862047410077574,0.007721130355632525,0.18425974682218135,0.06937095619799669,0.10427070131115554,0.19821349275560618,0.01872939181723925,0.34881410663941276
SRR9973703,UK,Asia,0.5539011402316819,0.03297285525108222,0.04759886562142509,0.06526918400776231,0.09377613079497152,0.04257245569350186,0.013343528322340162,0.150565840077235
SRR9973705,S. Europe,Asia,0.2601082403356771,0.009683687389330724,0.21307729061880756,0.16937110573002107,0.16208735967855223,0.056108286213339194,0.009060298213058069,0.12050373182121404
SRR9973706,UK,UK,0.05300788093322881,0.0088182031108894,0.2034789645886123,0.07967565718722579,0.1204231040337139,0.19979132383127987,0.01712454337605664,0.3176803229389933
